age,monthly_income,daily_internet_hours,smartphone_usage_years,social_media_hours,online_payment_trust_score,tech_savvy_score,monthly_online_orders,monthly_store_visits,avg_online_spend,avg_store_spend,discount_sensitivity,return_frequency,avg_delivery_days,delivery_fee_sensitivity,free_return_importance,product_availability_online,impulse_buying_score,need_touch_feel_score,brand_loyalty_score,environmental_awareness,time_pressure_level,gender,city_tier,shopping_preference
35,67727,3.0,12,1.1,9,2,4,8,2334.44,6663.44,9,3,6,9,7,4,8,10,5,1,3,Male,Tier 1,Offline
27,62687,9.6,6,1.1,7,2,9,10,1867.03,6136.68,2,6,1,9,5,10,6,10,4,2,1,Female,Tier 1,Offline
23,99081,3.1,2,2.6,8,6,12,7,8543.31,4210.26,2,2,5,4,3,8,7,5,9,4,6,Male,Tier 3,Offline
20,163173,3.8,5,0.9,10,6,12,8,15222.83,7451.86,3,3,6,9,9,5,10,7,10,7,6,Male,Tier 1,Online
26,65088,5.4,1,5.2,3,3,9,5,3380.65,5619.81,9,4,5,1,2,9,5,6,2,5,7,Male,Tier 3,Both
64,134799,7.5,9,4.7,9,2,10,7,3603.74,12520.66,3,8,7,9,1,10,6,8,1,2,6,Male,Tier 2,Offline
33,175606,6.1,2,1.0,8,2,10,8,5784.85,17275.48,3,4,5,10,7,4,9,4,5,7,6,Female,Tier 1,Both
46,26895,3.2,2,2.4,10,9,16,5,4267.86,566.45,1,5,1,9,4,5,8,4,9,3,10,Female,Tier 3,Online
48,163592,4.7,2,1.0,7,6,10,6,14625.23,7259.21,2,0,4,6,2,4,4,4,9,8,3,Female,Tier 1,Both
47,68564,8.9,2,2.9,9,2,17,10,2735.09,5678.14,4,2,4,8,8,4,7,1,3,7,1,Female,Tier 1,Both
47,74604,4.8,12,6.0,9,8,16,5,9597.66,1687.69,6,0,1,10,8,9,9,3,1,9,2,Female,Tier 1,Online
22,141051,8.8,7,1.2,10,4,12,6,9099.91,10444.09,6,4,2,6,4,5,7,3,5,8,6,Male,Tier 1,Offline
57,121929,10.0,2,3.5,9,5,16,7,9484.49,7441.15,8,8,6,5,10,9,1,9,5,2,3,Male,Tier 1,Online
24,152503,6.0,5,2.0,4,6,14,8,13674.46,7781.55,1,1,6,7,5,1,1,6,3,5,3,Female,Tier 1,Both
45,93519,1.1,2,5.7,3,9,16,4,12123.69,984.83,6,0,3,4,4,2,6,9,7,10,3,Female,Tier 2,Online
29,101646,4.7,3,4.6,6,7,15,1,10819.56,3366.8,2,6,7,1,8,4,4,8,6,5,4,Male,Tier 3,Offline
30,93895,4.0,2,5.8,5,6,10,4,9066.02,4448.37,2,4,2,10,5,1,2,10,7,6,6,Male,Tier 1,Both
50,35157,4.5,10,1.5,1,7,18,5,2917.48,1113.07,4,5,4,2,6,10,6,2,5,9,5,Female,Tier 2,Offline
62,76377,6.0,4,2.8,7,3,8,6,3423.36,6412.29,7,5,4,8,8,4,9,8,3,2,5,Female,Tier 1,Offline
33,140639,3.8,4,1.3,1,4,11,6,8502.23,9687.99,10,3,6,7,8,7,4,3,1,2,7,Female,Tier 1,Both
62,114255,5.2,9,1.9,2,8,17,6,13083.06,2642.65,8,8,4,9,8,3,8,8,5,4,5,Male,Tier 1,Online
35,77654,1.7,5,1.8,6,6,11,5,7275.62,4046.63,4,1,4,7,6,9,8,7,1,4,7,Female,Tier 2,Online
55,108001,7.3,10,2.6,1,6,14,7,10458.54,4705.51,9,3,4,4,5,7,8,1,7,6,7,Female,Tier 3,Offline
26,111408,6.6,1,5.5,10,10,19,2,15806.46,348.33,5,6,3,4,8,6,6,7,5,7,5,Male,Tier 3,Online
65,90702,1.5,6,1.7,2,1,2,4,1392.27,9872.91,3,7,6,2,10,4,8,5,6,3,10,Male,Tier 2,Offline
28,109835,3.8,10,0.6,5,10,15,0,15844.24,383.23,4,1,6,5,10,2,10,1,6,9,7,Male,Tier 3,Online
59,84142,1.1,7,5.0,2,7,14,4,9206.91,2477.21,9,4,5,9,8,8,7,10,5,6,4,Female,Tier 1,Online
46,67551,7.8,10,3.9,7,6,19,6,6222.97,3493.71,6,4,5,5,9,1,9,4,2,4,7,Male,Tier 1,Both
33,110519,5.3,12,3.2,1,2,6,10,3346.62,11200.04,9,8,3,7,9,6,6,8,5,5,5,Female,Tier 2,Offline
30,79766,2.1,9,5.7,3,4,8,9,4568.07,4660.88,5,1,7,4,5,4,6,3,5,1,9,Male,Tier 1,Offline
21,120287,3.6,3,4.0,8,2,7,6,3079.72,11629.93,1,4,7,8,2,2,7,8,2,10,1,Male,Tier 1,Offline
54,187723,3.7,4,1.2,7,10,15,1,28237.08,100,5,6,3,10,10,1,10,2,4,4,5,Male,Tier 1,Both
29,120055,1.7,1,2.7,10,8,12,5,14198.45,2280.7,4,4,7,10,4,7,2,9,4,3,5,Male,Tier 1,Online
28,161058,3.8,12,5.0,5,8,17,6,18955.59,2956.2,8,7,1,10,1,7,6,10,5,1,2,Male,Tier 1,Online
54,72716,9.6,11,5.0,10,1,9,8,554.29,7801.95,10,6,6,8,2,8,6,7,6,6,2,Male,Tier 3,Offline
62,110424,3.6,7,5.0,9,1,2,9,1067.54,12875.62,9,0,6,9,8,7,1,4,9,6,10,Male,Tier 1,Offline
21,46680,3.4,3,5.6,8,8,18,8,5315.0,933.36,9,0,5,7,2,4,2,8,2,3,8,Female,Tier 2,Online
35,74459,8.5,8,1.8,9,3,7,10,2323.77,6211.98,5,6,3,9,5,1,5,5,10,10,8,Female,Tier 2,Both
48,65236,4.0,9,2.6,6,4,10,7,3184.12,5225.27,6,7,6,7,7,3,8,1,3,9,10,Male,Tier 2,Offline
46,24801,5.7,8,0.6,3,7,18,1,3381.57,1208.9,10,6,6,2,6,9,7,6,8,9,1,Female,Tier 3,Online
61,182920,3.6,4,4.6,7,2,6,5,5731.06,17702.78,1,0,3,1,5,6,6,7,3,4,9,Male,Tier 1,Offline
29,42280,2.6,10,5.3,10,4,5,7,2616.39,3610.74,1,7,3,9,3,2,8,6,10,5,7,Female,Tier 2,Offline
37,46111,10.0,8,1.1,7,10,21,4,6883.65,100,7,4,1,10,1,10,8,5,4,10,6,Female,Tier 2,Both
57,52850,7.1,12,4.7,3,2,11,6,1390.4,5475.66,3,1,3,6,7,3,4,3,9,6,9,Male,Tier 2,Offline
34,104854,8.4,8,5.8,5,6,16,3,10182.42,5338.31,7,8,3,2,7,1,5,9,2,8,6,Female,Tier 3,Online
58,143245,4.3,11,1.8,1,10,20,1,21791.49,100,8,4,6,7,2,3,1,1,5,8,2,Female,Tier 2,Online
52,49115,4.5,6,4.2,9,7,11,3,5705.44,1383.4,10,6,3,1,6,4,8,8,4,6,2,Male,Tier 1,Both
59,67012,1.5,5,1.5,2,8,14,5,7189.7,789.95,6,3,2,10,4,2,9,4,10,4,4,Female,Tier 2,Online
56,15278,3.5,3,5.9,9,5,10,5,1323.46,758.44,4,5,1,3,5,1,3,7,9,2,2,Female,Tier 3,Online
41,87271,6.3,8,3.3,10,1,5,4,1079.59,9140.35,1,0,4,7,7,2,8,8,2,2,6,Female,Tier 2,Offline
35,132379,6.7,9,4.4,7,10,18,2,19676.66,100,9,3,4,8,4,7,6,8,7,7,2,Male,Tier 1,Offline
60,53408,4.4,3,4.3,8,2,7,9,850.67,5401.49,3,8,1,10,9,9,6,2,7,6,7,Female,Tier 2,Offline
56,45714,4.2,10,3.3,3,8,15,5,5755.64,780.95,10,3,7,7,9,10,10,9,1,10,5,Male,Tier 3,Offline
62,155909,3.8,6,2.4,3,3,5,7,7460.82,13537.07,9,3,4,7,8,6,3,6,5,6,10,Male,Tier 1,Online
27,30474,7.8,1,4.2,5,8,17,2,3283.66,845.18,2,5,4,2,5,10,8,9,5,1,4,Male,Tier 3,Offline
21,15755,2.8,4,4.7,5,5,9,6,1175.79,696.69,4,8,5,6,2,7,1,7,1,8,2,Female,Tier 3,Online
54,73008,7.4,7,2.1,7,1,8,9,1620.46,7741.31,6,1,4,2,4,7,10,7,9,2,7,Female,Tier 2,Offline
32,63655,8.0,2,3.3,2,9,15,3,8122.16,1287.08,3,3,1,3,5,4,3,10,3,2,3,Female,Tier 2,Both
54,119598,6.2,11,5.6,10,10,17,7,17722.41,393.94,5,4,5,1,6,9,2,5,8,8,1,Female,Tier 2,Online
36,39074,6.8,2,3.9,9,7,13,5,4379.01,585.04,10,3,3,10,8,9,3,1,8,2,6,Male,Tier 1,Online
29,25130,3.2,8,6.0,9,9,14,2,3823.2,106.3,10,0,7,6,2,6,2,9,7,5,5,Male,Tier 2,Offline
55,139074,2.3,6,2.2,7,3,2,5,6080.55,12044.2,3,8,1,7,9,6,1,6,5,3,4,Male,Tier 1,Offline
49,33874,3.0,3,1.4,5,2,2,8,972.63,2764.01,10,2,5,7,3,3,3,10,3,8,1,Female,Tier 3,Offline
64,66472,9.7,10,2.1,8,4,12,6,4190.89,4366.1,6,7,4,5,7,9,9,7,3,4,10,Female,Tier 1,Both
21,78030,5.3,6,3.5,2,9,18,2,10566.9,618.17,3,6,1,4,8,6,1,7,1,7,9,Male,Tier 3,Both
23,89882,3.0,6,5.6,6,3,7,9,4415.43,7008.66,8,7,5,1,2,1,5,4,3,9,10,Female,Tier 1,Online
36,66491,3.7,1,1.8,10,8,18,5,7359.25,1596.32,10,3,6,3,5,7,1,10,6,4,10,Female,Tier 1,Online
60,40587,5.7,6,0.9,9,9,12,3,5010.25,354.22,7,5,3,1,6,2,6,4,2,10,6,Female,Tier 1,Online
52,83686,8.3,3,5.1,8,8,16,1,10840.36,2275.74,5,3,1,4,1,6,5,9,7,9,8,Male,Tier 1,Online
59,58562,3.6,1,5.3,6,5,11,7,5025.8,3091.59,7,5,2,8,8,6,9,5,2,7,2,Female,Tier 1,Both
29,91496,3.6,2,0.9,5,5,7,7,7133.1,5865.01,6,6,3,1,2,7,6,9,3,1,3,Female,Tier 2,Offline
22,66211,8.0,6,2.5,10,1,5,7,1450.75,7028.85,10,2,5,6,7,6,5,4,2,1,3,Female,Tier 1,Offline
53,35435,3.4,5,4.4,4,10,16,7,5059.87,100,8,2,6,8,2,6,6,2,9,9,5,Female,Tier 2,Both
63,84752,9.3,11,1.5,6,9,21,9,11537.53,733.21,6,8,5,6,8,9,3,10,2,2,5,Female,Tier 3,Online
64,62054,5.7,7,5.0,2,3,11,7,2074.51,5399.25,9,2,7,3,7,9,1,2,9,3,5,Female,Tier 3,Offline
63,64417,4.1,9,5.4,2,5,12,11,4724.11,4418.68,2,8,6,3,10,10,3,3,10,10,6,Male,Tier 1,Offline
19,22984,1.4,11,4.7,5,4,7,5,1001.99,1294.9,5,4,4,4,7,5,8,2,1,3,8,Male,Tier 3,Offline
31,64589,6.5,6,5.2,6,6,15,5,5371.83,3473.57,8,1,3,8,4,3,2,1,5,7,10,Female,Tier 2,Online
28,164611,3.9,10,4.5,4,3,5,7,6978.0,13830.0,7,8,4,4,4,10,6,1,1,5,8,Female,Tier 1,Online
18,170352,2.0,3,5.4,6,7,10,6,17589.52,6020.18,2,6,5,8,9,5,10,10,2,3,2,Female,Tier 1,Online
39,121050,9.5,3,1.6,9,7,17,5,13003.51,4630.87,8,2,5,9,3,6,10,6,3,7,10,Female,Tier 1,Online
50,128565,5.6,8,4.4,5,8,17,2,14783.95,2093.13,1,7,3,10,10,4,1,10,8,3,9,Female,Tier 2,Online
61,67268,1.3,12,1.1,1,8,12,5,7884.47,1231.68,8,0,6,3,9,4,9,6,8,9,7,Female,Tier 1,Offline
47,104664,5.8,9,2.4,5,10,14,3,15623.29,331.25,5,4,6,4,8,6,8,6,9,5,5,Female,Tier 3,Both
52,69767,9.1,7,5.0,3,5,19,7,6230.58,4618.65,8,3,2,9,5,9,5,3,2,10,10,Male,Tier 2,Offline
60,180237,5.8,11,1.8,2,7,14,7,18810.95,6291.01,3,6,6,8,8,4,5,6,5,1,2,Male,Tier 1,Both
64,131454,9.4,3,2.8,3,1,11,9,797.9,14224.28,5,0,1,5,10,10,2,6,5,8,9,Male,Tier 2,Both
26,98662,5.5,5,1.6,2,6,14,7,8864.93,4992.28,5,3,2,10,7,7,9,6,2,7,2,Female,Tier 3,Both
48,46811,9.4,1,1.9,4,8,19,0,5360.49,1730.46,6,3,1,2,8,5,3,7,9,5,2,Male,Tier 3,Online
32,63337,9.6,8,1.3,10,6,14,7,5089.79,3130.72,4,3,6,10,2,9,8,9,6,2,10,Female,Tier 1,Offline
53,179845,5.5,10,3.5,3,6,14,4,15849.16,8057.05,9,7,7,1,8,3,9,7,8,10,1,Male,Tier 1,Offline
37,114801,1.2,5,5.0,4,10,17,3,17028.72,100,2,7,1,5,7,3,3,7,6,7,8,Female,Tier 2,Online
61,190283,7.0,9,1.2,6,2,9,10,4915.03,18150.86,1,0,3,8,9,7,9,7,4,4,8,Female,Tier 1,Offline
30,185728,8.9,2,0.7,7,10,22,0,28197.25,100,1,7,5,1,4,1,7,8,4,9,4,Female,Tier 1,Online
36,65899,8.3,12,3.7,10,10,22,0,9968.86,814.95,9,3,4,5,5,1,9,10,3,7,9,Male,Tier 1,Both
40,186439,6.8,7,4.8,6,7,14,6,19826.85,7166.57,4,4,7,3,8,1,9,7,7,9,9,Female,Tier 1,Online
34,60646,4.0,2,5.6,6,2,2,7,2280.65,5945.87,1,1,2,10,9,4,8,4,6,5,1,Male,Tier 1,Offline
65,26532,7.7,8,5.5,10,4,10,8,1414.51,2204.14,6,4,3,6,9,8,8,2,8,6,4,Male,Tier 3,Offline
20,121850,8.8,12,1.3,5,9,22,2,16199.91,1576.07,7,3,4,9,6,5,8,8,8,3,6,Female,Tier 1,Online
52,109205,2.7,9,5.9,1,9,19,4,15441.78,1109.85,7,2,7,4,2,3,1,4,9,8,6,Male,Tier 1,Offline
60,142408,6.5,8,4.1,1,1,4,8,2931.96,15447.22,5,0,5,7,3,2,2,9,3,4,4,Male,Tier 2,Offline
35,93144,4.6,6,5.8,8,10,18,6,13681.81,713.9,1,1,4,7,7,9,8,1,1,3,2,Female,Tier 3,Online
59,92106,4.0,2,5.4,1,4,10,11,5958.42,6336.63,2,4,5,10,1,3,6,1,4,10,3,Female,Tier 3,Online
37,30969,6.1,10,5.1,7,9,16,6,5133.42,1292.25,9,5,1,2,7,4,2,6,10,10,10,Female,Tier 3,Offline
38,17912,6.7,8,3.2,6,9,20,2,2103.85,100,10,4,7,4,2,2,5,3,7,3,7,Female,Tier 3,Online
23,26884,9.5,8,2.5,5,2,11,9,203.05,2741.61,1,1,3,9,2,10,10,6,7,1,5,Female,Tier 1,Offline
23,149507,9.1,4,3.6,3,7,18,6,15665.83,5605.43,5,6,3,8,2,6,5,4,8,10,10,Female,Tier 1,Online
26,59932,1.1,7,2.3,10,7,11,3,5826.25,2791.15,10,2,3,6,10,4,8,6,3,7,6,Male,Tier 2,Both
58,84357,9.7,4,2.3,5,7,15,8,9390.36,4343.29,9,0,6,8,4,8,5,2,7,8,3,Female,Tier 2,Online
60,52263,7.4,7,0.9,10,8,15,3,7166.49,880.96,1,5,6,9,10,2,2,4,6,3,10,Female,Tier 1,Online
59,108797,6.8,6,5.8,7,2,9,8,2660.51,10412.08,10,3,4,6,7,8,10,9,3,6,1,Male,Tier 2,Offline
44,182855,9.7,2,5.1,3,6,15,7,16610.68,9219.69,8,7,3,2,5,1,2,1,6,2,3,Female,Tier 1,Offline
53,40989,4.0,7,5.8,4,7,12,4,4027.87,1140.38,4,7,5,7,7,1,4,4,5,2,10,Male,Tier 2,Offline
52,33378,4.3,4,3.0,5,8,12,3,3441.67,486.37,6,5,7,8,10,3,5,10,10,2,3,Male,Tier 3,Online
37,45926,2.6,12,1.3,7,7,10,3,4311.01,1868.11,3,8,2,8,5,3,3,6,8,10,1,Female,Tier 1,Online
49,28421,2.8,7,5.8,9,8,12,5,3276.29,262.32,10,0,7,4,5,1,5,4,9,5,3,Female,Tier 3,Online
49,92053,5.6,10,1.1,9,6,10,4,8318.66,3987.74,7,1,6,4,5,1,8,5,6,2,8,Female,Tier 2,Online
33,35631,8.3,10,4.3,10,7,17,6,3832.91,1545.05,6,8,3,10,9,3,6,5,5,10,5,Male,Tier 3,Online
44,182551,1.5,5,5.3,3,3,5,11,8615.53,14737.73,8,2,5,5,7,7,8,2,2,7,9,Male,Tier 1,Offline
41,79597,9.6,6,3.7,2,8,17,2,10075.89,1333.89,7,3,4,5,6,5,6,9,10,3,10,Female,Tier 2,Online
61,89932,1.4,2,3.9,8,1,5,12,1331.83,9717.96,4,2,6,5,3,5,2,6,5,2,6,Female,Tier 3,Both
58,78055,7.5,4,2.9,2,2,11,8,2582.3,7705.39,1,0,6,6,2,7,3,8,2,4,7,Male,Tier 1,Offline
24,33526,3.8,5,1.3,3,3,9,8,1278.37,2663.14,4,2,4,10,8,4,2,2,3,2,10,Male,Tier 2,Offline
45,79588,8.1,4,2.0,2,4,9,6,4097.6,5295.47,5,3,5,10,9,4,7,5,1,4,8,Female,Tier 1,Offline
49,134724,6.3,9,5.4,1,6,15,5,12540.86,6068.92,3,7,7,2,1,10,2,1,5,4,1,Female,Tier 1,Online
43,64801,3.6,12,3.3,7,7,13,4,6130.46,2206.8,5,1,5,4,3,9,6,7,10,2,5,Male,Tier 3,Online
33,27589,3.2,7,1.1,10,10,20,4,3968.63,100,3,0,2,8,6,9,9,5,3,6,3,Female,Tier 2,Online
25,121112,9.1,6,4.9,5,9,23,4,16172.65,1379.14,6,0,4,10,3,6,3,5,2,10,2,Female,Tier 2,Online
18,25772,8.7,1,1.8,8,6,15,6,3215.58,906.08,7,3,3,4,7,6,5,2,10,6,2,Male,Tier 2,Offline
51,193225,1.4,7,0.9,8,5,8,4,14964.84,11821.74,5,4,6,10,4,8,6,10,8,4,9,Male,Tier 1,Online
44,30072,3.1,6,4.0,1,6,14,5,3176.12,919.49,9,3,4,8,1,3,5,2,1,4,9,Male,Tier 1,Online
41,80091,9.8,2,3.7,9,3,11,6,3453.85,6649.34,3,3,3,5,6,7,6,6,8,5,4,Female,Tier 2,Offline
26,91670,7.9,2,1.4,3,8,16,4,9740.51,1968.63,5,7,3,2,2,3,5,10,1,4,6,Male,Tier 3,Online
33,191009,4.2,9,0.8,5,5,11,5,15263.44,11227.66,9,3,1,8,2,3,2,1,1,4,3,Male,Tier 1,Offline
41,82464,6.7,11,1.0,10,5,13,6,6516.66,4943.1,3,1,7,6,2,1,8,1,3,10,7,Male,Tier 3,Offline
42,109550,4.8,6,1.7,3,5,10,10,8894.62,6693.05,5,7,4,9,8,1,2,5,7,3,7,Female,Tier 2,Online
51,52656,6.7,9,4.9,7,6,10,6,4379.34,2956.49,5,2,1,6,10,4,1,5,1,8,9,Male,Tier 2,Online
32,110745,2.4,4,4.1,5,9,17,0,16525.16,1790.59,7,5,7,3,3,4,10,6,6,10,1,Female,Tier 3,Online
54,28968,6.1,4,5.1,8,9,17,5,4217.58,503.98,9,7,1,6,10,4,3,6,3,6,1,Female,Tier 3,Online
63,182288,2.3,2,5.2,6,2,1,12,5285.77,17612.25,3,2,6,7,8,6,3,9,10,6,4,Male,Tier 1,Offline
64,143314,3.7,3,4.5,10,7,15,2,14759.03,5054.97,10,3,6,10,2,8,3,6,2,4,6,Male,Tier 1,Online
23,166004,7.4,11,4.5,6,8,19,4,19758.14,3635.93,1,0,4,8,7,3,7,8,7,6,9,Female,Tier 1,Offline
48,160394,8.8,11,4.7,4,3,8,8,7316.22,13489.89,2,1,3,3,7,3,2,9,2,6,10,Female,Tier 1,Offline
45,143527,6.9,10,5.4,3,1,8,10,2437.49,16075.77,9,4,6,5,5,4,2,1,7,10,9,Female,Tier 2,Offline
41,26650,4.8,5,5.0,10,8,15,4,3396.19,931.62,2,4,7,7,8,8,5,2,9,7,3,Female,Tier 1,Online
41,33341,5.0,5,2.9,5,4,11,4,2449.84,2902.83,6,8,4,10,4,9,1,7,9,7,9,Female,Tier 3,Online
33,82424,3.7,7,5.5,1,9,14,2,9843.74,494.16,8,2,2,4,4,3,1,7,2,7,4,Female,Tier 2,Online
34,46432,9.2,2,1.0,9,7,14,3,3767.9,1561.39,10,8,7,7,2,7,3,3,10,10,10,Male,Tier 3,Online
54,91632,1.9,5,5.3,6,7,11,8,9112.36,3100.78,7,2,5,10,7,1,7,6,4,1,8,Male,Tier 3,Online
19,48213,8.4,5,2.2,8,2,11,8,1189.06,5255.58,6,4,6,7,10,2,4,8,4,7,8,Female,Tier 3,Offline
50,92806,2.4,5,4.4,7,3,6,5,3895.68,7692.35,4,0,2,1,8,1,6,4,5,6,8,Female,Tier 3,Both
25,109282,1.3,6,3.2,8,3,7,7,4482.04,9063.21,5,1,3,1,7,1,3,10,4,4,4,Female,Tier 2,Both
44,113458,1.2,11,0.5,3,3,5,7,5092.03,10253.76,5,6,4,6,8,5,4,8,5,9,10,Male,Tier 1,Offline
18,87045,10.0,6,3.6,10,10,22,5,12607.01,100,6,4,3,5,4,3,9,4,1,10,7,Female,Tier 2,Online
64,23336,6.9,5,1.9,7,7,15,5,2280.63,336.93,4,8,6,8,6,9,5,3,9,3,5,Female,Tier 2,Online
65,53902,7.5,9,4.7,3,6,14,4,5020.11,3386.14,6,5,3,10,5,8,2,8,1,10,10,Male,Tier 2,Offline
30,85598,2.1,11,2.6,5,7,15,6,9205.12,3284.74,10,7,2,6,3,2,8,6,3,6,1,Male,Tier 2,Online
31,119771,8.0,10,4.7,8,2,10,10,3115.0,11679.74,1,0,5,4,6,1,6,9,4,1,1,Male,Tier 2,Offline
40,79177,2.2,7,3.3,5,3,6,8,4085.96,6510.44,9,5,4,3,6,8,6,4,3,7,1,Male,Tier 1,Offline
26,61985,7.6,10,3.3,2,6,14,2,5072.43,3379.27,10,0,5,1,2,1,1,2,7,8,7,Male,Tier 1,Both
48,111995,2.4,12,4.3,1,5,8,6,7707.1,6648.62,7,1,5,10,2,5,2,2,8,4,10,Male,Tier 2,Both
51,110661,2.8,12,2.8,3,1,0,7,1443.22,11527.58,1,1,1,10,8,3,2,9,2,2,5,Male,Tier 3,Offline
36,54619,5.2,2,5.0,1,5,9,8,3874.6,3366.17,1,0,7,3,3,6,6,8,10,5,2,Male,Tier 2,Both
29,26190,4.6,8,2.0,7,8,16,1,3213.95,441.07,1,2,1,7,10,8,10,8,3,10,7,Female,Tier 3,Online
61,135336,8.5,3,3.2,8,2,11,7,4732.51,13218.4,9,3,6,6,9,9,10,2,7,4,8,Female,Tier 2,Online
59,70446,2.3,9,5.4,10,1,7,9,494.21,7592.42,3,1,7,8,6,4,6,5,1,9,4,Female,Tier 2,Offline
33,30332,5.1,10,3.0,8,8,13,9,3637.01,652.26,1,8,5,1,2,10,10,5,9,9,4,Female,Tier 2,Online
41,96131,1.5,4,5.1,6,9,14,1,12878.88,781.8,2,3,1,6,6,5,9,9,6,2,1,Female,Tier 3,Online
63,117322,7.5,2,1.9,4,4,14,9,7239.44,9176.09,6,1,7,7,1,10,2,8,8,10,9,Male,Tier 2,Online
18,67136,7.6,9,5.6,10,8,21,2,8704.52,1283.0,3,1,4,10,10,6,9,7,7,10,4,Male,Tier 3,Online
39,191365,3.6,3,1.3,10,9,15,6,26339.76,1811.96,4,3,2,10,5,6,3,3,9,9,6,Female,Tier 1,Both
53,62222,6.2,11,4.4,9,5,13,5,4903.14,3748.53,1,0,2,5,3,5,5,3,1,5,4,Male,Tier 3,Online
46,43461,6.5,11,4.6,4,9,16,5,6091.07,100,1,6,4,7,6,9,1,1,5,4,10,Male,Tier 1,Online
58,84267,7.4,6,4.7,9,10,21,6,12829.75,409.37,2,2,2,9,2,7,1,7,5,9,5,Female,Tier 3,Both
34,26960,4.0,12,5.7,1,3,10,6,1316.98,1710.31,5,7,7,10,9,6,2,6,9,4,3,Male,Tier 1,Both
28,55887,5.9,7,1.0,4,4,9,5,3021.97,4967.47,8,8,7,1,2,6,8,4,10,10,4,Male,Tier 3,Offline
38,69987,9.2,2,2.6,9,5,17,6,5326.19,3722.47,8,0,3,4,6,9,2,2,3,9,9,Male,Tier 2,Offline
31,107862,6.7,4,5.3,7,2,9,12,3830.45,9900.34,2,2,1,8,6,1,2,2,1,3,5,Male,Tier 2,Offline
32,139404,3.3,7,3.0,7,7,12,6,14677.46,5047.99,2,0,6,2,6,9,2,5,5,10,2,Male,Tier 2,Offline
46,52494,4.6,11,0.7,3,9,17,6,7368.53,100,3,4,6,6,1,9,9,3,2,1,1,Female,Tier 3,Online
23,59936,2.9,12,5.5,6,4,5,8,3300.86,4296.72,5,3,1,3,10,1,9,8,9,2,5,Female,Tier 2,Online
30,149635,6.2,6,2.5,4,2,7,9,4689.52,14797.58,5,2,5,10,6,6,7,3,1,6,4,Male,Tier 1,Offline
59,77163,3.5,6,1.2,6,8,12,4,9043.26,2328.12,10,1,7,5,3,9,4,5,2,2,1,Male,Tier 2,Online
55,54825,7.9,4,5.5,9,5,6,4,3261.24,3410.01,4,4,2,8,9,9,2,7,6,9,1,Male,Tier 3,Online
57,82255,2.5,9,1.3,3,3,4,6,3896.72,6747.62,6,0,2,8,4,2,5,6,4,1,4,Male,Tier 3,Offline
47,176209,1.4,11,2.3,9,5,9,5,12918.58,10504.54,6,1,5,5,7,4,9,7,6,6,8,Female,Tier 1,Offline
18,64332,8.9,8,1.4,2,9,19,2,8867.93,1121.94,2,3,4,6,2,8,8,8,4,10,3,Female,Tier 3,Offline
20,47790,6.2,3,1.2,9,1,7,8,1284.18,5943.74,7,0,6,5,2,4,8,10,8,8,3,Female,Tier 1,Offline
56,29028,8.2,3,3.9,9,5,15,9,2772.17,1489.05,7,6,2,2,1,4,9,9,7,3,10,Male,Tier 3,Online
57,128203,1.4,9,3.3,2,2,3,8,3099.92,11853.55,7,8,4,6,1,9,7,4,8,7,6,Male,Tier 1,Both
34,82539,7.9,2,2.1,9,7,16,5,8664.21,2923.64,9,0,4,4,6,7,6,2,3,7,10,Male,Tier 2,Online
52,98172,6.1,10,2.0,7,4,7,9,5412.42,7110.67,5,4,5,6,7,3,2,4,8,3,2,Female,Tier 1,Offline
39,124969,6.0,12,4.3,1,3,7,9,5935.45,9795.73,10,6,1,2,5,4,6,2,10,1,7,Male,Tier 2,Offline
51,57548,7.4,10,0.8,3,8,16,4,6407.33,779.21,1,8,5,4,10,3,1,6,4,1,3,Female,Tier 2,Online
43,49713,7.0,7,3.7,9,1,7,8,1090.9,5544.67,10,5,3,5,4,10,4,8,7,10,1,Male,Tier 3,Both
50,44140,6.0,9,2.1,2,9,22,2,6211.63,100,7,7,7,4,6,8,8,10,1,8,2,Female,Tier 1,Online
58,160381,9.9,11,4.4,6,7,20,4,17782.92,5819.86,2,6,6,6,2,9,3,8,6,6,4,Female,Tier 1,Online
65,142396,9.4,4,3.2,4,4,13,3,8634.05,10511.93,10,5,2,2,2,2,8,10,1,9,1,Female,Tier 1,Online
38,109891,9.1,10,5.3,8,3,16,7,4878.11,9509.22,1,8,7,7,8,9,1,9,6,7,3,Female,Tier 1,Offline
62,65941,5.1,12,0.5,4,7,13,4,6629.4,2172.01,4,4,4,10,6,6,3,8,7,4,7,Female,Tier 3,Online
43,73646,5.1,10,1.2,10,4,11,4,4630.95,4822.38,4,2,7,3,8,1,3,7,8,3,9,Female,Tier 1,Both
37,39671,6.1,10,0.8,2,3,12,9,1087.9,3415.19,6,4,3,6,9,9,5,6,1,7,2,Female,Tier 3,Offline
56,34557,6.2,11,4.1,3,5,10,8,1777.66,2124.7,7,4,4,3,3,6,7,10,10,7,2,Female,Tier 3,Both
32,79414,3.9,5,4.4,10,7,13,7,8647.65,2570.43,8,6,2,3,1,3,4,5,2,4,3,Male,Tier 1,Online
22,185623,8.9,9,0.8,7,9,20,2,25036.4,2459.14,7,4,2,4,5,8,3,3,9,3,1,Female,Tier 1,Online
38,133277,5.3,9,5.6,9,8,19,8,15345.06,3067.98,10,6,5,9,5,6,8,9,4,2,8,Male,Tier 2,Online
34,52533,3.7,1,3.4,3,6,11,8,4506.21,2091.22,5,0,7,7,5,10,4,1,9,6,4,Female,Tier 1,Both
45,53805,3.2,12,4.6,7,7,13,5,5224.09,1595.25,10,4,3,9,5,7,4,2,3,3,5,Female,Tier 3,Offline
57,79345,3.4,10,3.2,6,1,7,13,2516.56,8717.77,3,7,6,1,4,2,3,1,8,4,6,Male,Tier 2,Offline
49,89282,5.2,1,2.3,3,1,5,11,1034.26,9574.57,5,6,7,1,2,4,7,8,4,1,4,Female,Tier 1,Both
24,88306,7.0,4,3.1,5,6,16,8,7926.61,3733.77,8,4,2,6,1,4,2,4,7,6,1,Female,Tier 2,Online
55,26761,4.6,4,0.5,1,10,19,0,3617.74,100,3,7,1,10,6,1,1,6,3,9,2,Male,Tier 3,Online
38,148670,6.0,11,4.7,8,4,12,7,8859.36,10404.26,8,8,3,9,8,4,10,3,9,6,6,Male,Tier 2,Online
56,181819,8.7,3,0.9,3,8,18,5,21805.54,4374.91,7,2,1,10,6,10,4,6,2,9,7,Female,Tier 1,Online
49,120366,6.0,10,2.1,7,6,15,7,11700.29,6086.57,1,3,1,8,4,2,1,10,7,8,9,Male,Tier 2,Online
32,129249,7.5,1,5.6,4,8,21,2,14810.53,3215.79,7,5,7,1,10,5,9,1,2,5,2,Female,Tier 1,Online
24,24950,7.5,9,2.6,4,9,18,1,3973.08,133.75,2,5,6,8,7,2,3,3,9,7,9,Male,Tier 3,Online
52,98632,5.0,6,5.5,9,6,14,4,8250.63,4178.57,4,8,2,7,9,5,6,8,8,7,1,Female,Tier 2,Online
56,16602,5.7,5,0.5,4,4,10,6,1330.23,644.85,9,8,5,10,10,3,2,1,8,6,3,Male,Tier 3,Online
55,68573,3.1,5,1.0,7,10,20,1,10139.34,100,10,1,5,5,1,10,7,2,1,6,6,Male,Tier 1,Online
25,134004,7.9,12,4.1,10,1,5,7,2584.71,14635.1,10,2,3,9,4,3,1,7,8,10,10,Female,Tier 2,Offline
36,159991,4.5,3,2.3,8,10,18,0,23958.91,402.08,3,2,4,9,4,8,7,10,4,9,10,Male,Tier 1,Online
35,158356,4.9,11,5.6,2,2,5,6,4496.0,15488.97,1,4,2,6,10,8,10,3,8,1,4,Male,Tier 1,Offline
27,119317,7.6,2,1.1,1,4,16,5,7787.71,8046.75,2,4,4,8,1,6,4,9,4,4,9,Male,Tier 2,Online
57,115672,9.9,12,4.3,1,7,15,3,12439.77,4230.15,10,4,1,8,1,2,7,5,6,2,1,Female,Tier 2,Online
59,52996,3.1,7,3.3,2,6,8,6,5052.97,2683.73,9,0,1,4,9,5,6,8,7,3,1,Female,Tier 3,Both
40,101950,3.7,9,2.0,1,5,13,3,7694.72,6027.18,5,3,2,6,7,3,2,7,9,10,4,Female,Tier 2,Offline
27,98666,9.7,10,2.3,9,3,12,8,3572.88,8103.54,5,8,2,7,3,10,3,6,2,9,9,Female,Tier 1,Both
27,149888,1.3,6,5.3,7,7,10,8,16048.11,4883.44,3,3,1,3,3,1,10,10,5,10,10,Male,Tier 1,Offline
32,110095,1.2,2,4.3,8,3,2,7,4839.89,8871.82,8,7,2,3,4,4,1,7,1,5,7,Male,Tier 2,Both
30,119323,2.8,3,5.6,8,10,15,3,17535.33,100,1,6,6,6,7,10,10,10,9,9,1,Male,Tier 2,Online
20,135052,10.0,9,3.5,1,9,18,5,18547.55,1560.18,5,4,4,3,7,5,10,1,9,3,8,Male,Tier 2,Online
50,45282,2.6,10,5.7,9,3,5,9,2580.76,3872.25,4,7,1,5,6,3,2,2,2,8,6,Female,Tier 1,Both
42,115272,8.1,9,3.9,3,7,16,4,12319.01,4467.49,3,2,7,3,3,1,7,5,5,8,5,Male,Tier 2,Both
26,189650,2.8,10,4.7,1,8,11,4,22999.69,4039.47,4,7,4,7,8,2,10,10,1,4,9,Male,Tier 1,Online
53,127494,8.4,1,1.5,1,6,19,6,10999.17,5457.97,2,0,1,7,3,3,5,10,10,10,9,Female,Tier 2,Online
65,71914,4.2,1,1.0,5,6,11,7,6953.2,3626.08,5,7,2,2,5,6,9,7,9,4,4,Male,Tier 3,Offline
64,192874,6.7,2,3.2,10,5,9,8,14425.87,12094.85,3,7,5,8,8,3,10,4,5,4,1,Male,Tier 1,Offline
58,161757,2.1,4,4.9,7,7,13,5,17103.63,5563.84,5,4,7,2,5,5,9,9,6,1,2,Male,Tier 1,Online
64,122939,6.5,1,5.1,4,6,16,1,10502.2,5960.46,3,7,2,8,9,6,8,7,1,9,5,Female,Tier 1,Online
19,47297,6.2,6,4.9,6,2,9,8,2825.3,4763.75,3,6,2,10,2,5,6,1,5,7,2,Female,Tier 2,Offline
41,59424,8.5,5,1.7,5,3,13,10,2866.2,4120.37,1,7,5,3,4,6,8,9,5,6,3,Female,Tier 3,Offline
51,81523,9.9,4,4.5,8,7,17,2,9719.96,2958.8,10,1,3,8,1,2,9,5,1,10,5,Male,Tier 3,Online
30,74828,3.5,6,4.8,2,5,11,7,6307.24,4543.15,4,8,3,9,6,5,3,5,10,4,3,Male,Tier 1,Offline
39,118110,5.0,3,0.7,1,2,6,9,2935.64,11730.96,8,5,3,6,4,9,2,8,10,3,2,Male,Tier 1,Both
37,142629,6.8,8,3.1,4,3,11,5,6844.24,11773.09,6,5,4,8,1,2,8,2,6,8,8,Female,Tier 1,Offline
40,128992,6.2,9,1.1,2,6,13,5,11430.48,6612.68,4,3,5,3,8,7,2,6,4,10,7,Male,Tier 1,Offline
39,91372,7.2,3,4.1,2,10,21,2,13340.58,100,8,2,3,7,2,10,2,10,7,6,8,Female,Tier 2,Online
26,177183,6.2,11,5.0,3,3,7,8,7566.19,14594.2,6,4,5,5,7,6,2,10,1,10,9,Male,Tier 1,Offline
36,21135,4.3,9,5.8,1,9,17,1,3497.88,100,10,6,6,6,7,7,7,7,9,4,3,Female,Tier 3,Online
53,91531,8.6,6,5.1,3,5,17,6,6993.07,5607.18,8,6,2,2,3,7,8,10,7,10,3,Female,Tier 1,Online
53,127488,5.1,6,1.7,7,10,21,3,19028.8,100,9,5,1,1,10,8,6,2,10,8,2,Female,Tier 2,Online
51,148919,8.7,5,3.1,2,9,21,3,19293.69,1900.38,2,8,7,10,5,10,1,6,9,1,8,Male,Tier 2,Both
48,95230,7.6,7,2.4,5,5,15,9,6794.14,5517.72,5,0,6,8,10,3,10,1,5,10,1,Female,Tier 2,Both
26,86269,1.7,5,1.9,10,5,8,8,6433.55,4632.61,3,7,3,3,5,4,8,3,9,1,6,Female,Tier 2,Both
56,106809,8.4,8,4.6,7,7,17,7,10991.59,3635.72,6,0,6,5,2,1,3,8,7,8,5,Male,Tier 3,Offline
52,50626,4.4,12,2.6,5,3,5,7,2062.58,4946.12,6,8,6,1,2,9,6,7,10,5,6,Female,Tier 2,Offline
24,69508,6.9,7,3.0,4,10,20,0,9733.03,100,1,0,7,2,1,7,2,9,2,8,6,Female,Tier 1,Online
34,45307,1.3,10,1.0,10,4,9,6,2652.6,3066.85,3,6,6,10,3,2,3,5,5,8,2,Male,Tier 2,Both
35,90630,4.8,11,4.7,6,5,11,7,6880.5,5050.52,1,4,7,5,3,8,2,8,4,10,7,Female,Tier 3,Online
24,38857,5.9,7,1.7,2,8,16,3,5246.53,1162.85,8,0,4,3,1,1,7,5,3,6,7,Male,Tier 2,Online
49,82670,4.9,12,4.8,2,9,17,5,10836.48,346.21,9,5,3,5,7,1,2,6,9,6,2,Male,Tier 2,Online
36,78680,2.8,9,0.7,7,4,7,9,5319.26,6044.92,8,3,2,1,4,1,10,4,8,7,2,Female,Tier 3,Offline
46,146690,10.0,1,2.4,6,1,8,10,1854.71,15441.9,9,2,6,10,4,2,1,3,8,1,8,Female,Tier 2,Both
59,48241,1.1,11,0.8,5,2,2,8,671.45,4231.55,8,3,1,4,7,6,7,6,2,10,9,Male,Tier 1,Online
31,156218,1.4,3,2.3,2,5,9,8,11506.17,8893.83,10,0,2,2,10,7,3,1,8,2,1,Male,Tier 1,Offline
23,146422,6.9,5,2.8,8,3,10,10,6079.1,12239.86,10,0,5,3,8,10,2,5,6,7,1,Male,Tier 1,Both
51,192439,1.9,6,5.2,9,9,15,7,25762.31,2038.32,3,7,4,3,3,1,1,6,5,4,7,Male,Tier 1,Online
47,33380,1.9,1,5.6,3,3,6,5,2293.8,3369.88,10,5,4,4,6,4,2,6,4,2,4,Female,Tier 1,Offline
42,102624,3.0,8,3.7,1,7,15,8,10300.24,3804.95,4,5,3,4,6,3,1,10,1,5,3,Female,Tier 3,Online
47,56112,2.5,6,1.7,5,10,18,5,9455.57,100,9,3,1,7,9,8,4,10,8,8,5,Male,Tier 3,Online
65,134373,3.2,6,2.9,4,10,21,1,20573.29,100,8,8,1,7,9,7,8,2,8,8,4,Male,Tier 2,Online
18,110853,7.6,4,1.2,5,4,11,6,6228.23,8024.63,10,0,4,8,3,7,3,6,8,1,2,Male,Tier 2,Both
39,67191,1.3,7,4.6,10,9,13,3,8793.03,295.77,1,8,6,6,1,2,7,6,8,10,1,Female,Tier 3,Online
59,121213,7.3,9,4.4,4,3,11,7,5885.96,10480.62,10,3,7,4,6,6,5,9,7,5,1,Female,Tier 1,Both
46,108849,5.5,2,3.1,9,9,19,2,14189.02,1747.09,2,3,4,2,2,7,3,5,2,2,3,Male,Tier 1,Online
27,110570,2.4,4,3.4,1,5,6,8,8808.09,6445.62,1,4,2,2,1,4,9,6,7,10,6,Female,Tier 1,Offline
60,111339,5.8,9,2.9,5,10,22,5,16884.06,273.63,5,0,2,6,5,8,3,10,3,9,5,Female,Tier 2,Online
63,83110,9.1,3,1.4,2,1,11,9,799.03,9115.35,1,5,3,3,6,8,9,3,9,5,2,Male,Tier 3,Offline
49,120731,2.3,8,5.6,3,1,5,8,1089.95,13012.08,5,2,7,10,8,6,2,8,1,3,9,Male,Tier 2,Offline
43,131220,8.6,8,2.5,6,1,7,8,1108.52,14056.46,4,0,1,9,8,2,9,7,4,8,6,Male,Tier 1,Offline
41,54081,2.3,7,2.5,6,1,2,11,1819.38,5726.08,8,6,7,8,5,3,7,7,3,10,10,Male,Tier 3,Online
37,106870,9.9,9,5.9,2,10,22,2,15096.46,477.77,9,7,6,10,3,4,3,7,5,9,8,Male,Tier 1,Online
37,97042,6.3,8,3.6,8,4,11,7,5723.07,7983.72,8,1,6,5,7,3,8,4,1,2,5,Male,Tier 3,Both
22,73872,7.7,10,3.1,7,5,12,4,5453.79,4242.7,10,0,7,5,3,10,1,3,6,8,3,Female,Tier 3,Offline
35,87539,4.8,6,0.8,5,9,16,3,12060.88,1578.33,10,2,5,6,6,5,5,6,2,9,10,Female,Tier 1,Offline
18,28462,5.7,6,4.8,7,6,14,5,2680.18,1829.83,9,8,7,9,9,2,7,8,2,2,3,Female,Tier 3,Both
37,110577,4.3,8,5.4,10,9,17,1,14897.78,1233.34,4,2,7,3,4,5,3,4,3,2,7,Male,Tier 2,Both
48,155044,4.9,4,1.1,9,10,19,3,23253.1,148.07,2,1,5,4,10,4,3,6,1,2,3,Male,Tier 1,Online
40,49622,2.4,9,4.8,10,4,7,7,3336.7,2957.66,4,4,2,9,1,2,4,9,8,6,10,Female,Tier 3,Offline
24,43704,8.5,7,2.8,9,4,9,9,2402.17,3558.63,8,5,6,5,9,1,2,6,8,2,7,Male,Tier 2,Offline
65,60895,7.2,8,1.7,7,5,15,6,5226.72,2988.85,6,2,1,8,2,7,8,9,2,2,3,Female,Tier 2,Both
55,148132,1.9,3,0.9,4,6,11,9,13031.68,7275.12,8,4,7,10,10,5,7,6,8,10,7,Female,Tier 2,Offline
27,120663,5.1,2,1.9,8,4,9,6,7373.33,8764.95,1,2,4,10,6,3,5,10,10,2,2,Female,Tier 2,Online
30,43857,7.0,8,3.3,9,6,15,3,4791.54,2180.45,2,6,4,6,7,8,8,1,1,3,9,Female,Tier 3,Both
28,63314,4.9,5,4.4,8,2,4,7,1312.05,5913.02,9,2,5,1,7,5,8,10,7,10,6,Female,Tier 3,Offline
19,126610,1.4,6,2.4,10,1,2,6,1512.5,13962.26,7,5,1,4,4,4,5,10,2,2,5,Female,Tier 1,Both
19,117742,3.9,8,4.1,7,10,16,2,18219.85,100,6,6,5,7,6,10,2,8,2,4,6,Male,Tier 1,Online
60,64504,2.5,5,2.5,7,4,4,7,4091.8,3898.79,5,4,1,5,10,7,4,10,2,10,2,Female,Tier 2,Offline
54,162516,5.8,7,1.7,2,5,10,6,11964.4,9454.14,5,8,4,9,3,1,9,3,10,8,4,Female,Tier 1,Offline
58,116771,8.3,7,5.6,1,9,20,5,15814.15,2062.67,7,6,3,2,4,7,5,5,3,5,10,Female,Tier 1,Offline
25,39655,2.7,4,4.9,5,8,8,4,3799.96,1360.75,5,2,1,5,5,9,3,1,8,1,1,Male,Tier 2,Online
37,173759,1.6,7,5.4,2,7,14,3,18399.33,6405.93,2,8,6,10,9,5,8,2,4,10,2,Male,Tier 1,Offline
55,151620,4.5,12,4.6,7,4,10,8,9625.62,10835.79,10,0,4,9,6,2,6,9,7,8,4,Female,Tier 1,Online
27,50683,5.3,6,5.0,1,10,22,3,7653.2,100,4,4,5,7,5,6,2,9,4,8,7,Female,Tier 3,Both
43,106177,9.8,5,2.2,4,5,16,10,8573.28,6085.69,7,0,3,2,8,8,7,6,7,2,3,Male,Tier 3,Both
40,75164,6.4,9,4.6,8,1,6,6,1346.35,8513.73,1,6,2,5,6,10,2,2,3,4,9,Female,Tier 2,Offline
61,55335,8.1,6,3.0,3,5,15,8,3959.58,3607.65,6,2,4,7,10,4,1,1,9,10,4,Male,Tier 3,Online
30,40734,7.3,3,0.8,10,7,15,4,4571.87,1402.75,1,8,4,8,8,2,4,4,4,5,5,Male,Tier 3,Online
45,171913,2.9,4,6.0,5,4,6,8,10566.57,12640.62,10,7,2,6,10,8,2,1,8,3,6,Female,Tier 1,Online
63,70265,7.4,12,3.8,2,2,8,8,2620.05,6556.0,10,0,1,5,9,10,7,5,7,6,3,Female,Tier 2,Offline
34,42264,5.5,6,5.3,3,2,6,10,1424.62,4212.41,3,7,7,5,6,7,5,5,10,5,9,Male,Tier 2,Online
28,61358,7.6,8,4.7,3,9,21,1,8332.67,610.03,4,2,1,8,5,3,8,7,2,8,1,Female,Tier 2,Online
63,121565,5.4,8,1.1,3,2,6,9,3445.06,12412.13,5,3,5,1,9,10,3,7,2,4,8,Female,Tier 1,Offline
19,42945,7.1,11,1.2,6,10,21,2,6387.79,100,8,7,6,5,10,1,6,1,10,8,6,Male,Tier 3,Online
21,162579,6.8,6,4.9,2,9,20,3,21696.21,2099.61,7,1,1,4,3,7,7,5,3,2,5,Male,Tier 1,Both
65,94267,9.3,11,3.8,6,2,11,6,1789.45,9103.88,10,6,1,7,6,10,3,7,7,2,1,Female,Tier 3,Offline
61,37042,6.8,12,1.4,8,9,17,1,4865.02,859.54,8,4,2,3,5,4,9,7,5,10,1,Female,Tier 3,Both
50,25580,5.6,7,1.0,10,5,10,8,1929.09,1462.85,8,2,7,3,7,1,2,7,5,6,10,Male,Tier 3,Both
46,76323,8.3,6,5.8,3,4,13,10,3775.2,5002.33,9,0,1,7,2,1,3,8,8,7,10,Female,Tier 3,Online
57,87465,7.2,12,4.2,5,2,8,8,2692.2,8442.93,1,3,4,3,4,7,9,4,2,5,8,Female,Tier 1,Both
19,35264,2.5,3,4.6,8,8,10,5,3943.34,709.47,7,0,3,1,2,7,7,8,10,10,9,Male,Tier 2,Online
43,108828,5.6,12,3.9,8,4,9,4,6145.31,7999.66,7,7,1,8,10,6,8,7,1,3,5,Female,Tier 1,Online
46,50422,5.6,10,5.5,6,10,21,0,6547.46,163.15,7,6,7,6,8,3,10,4,5,2,8,Male,Tier 2,Offline
28,129214,5.4,7,5.7,8,5,12,9,10162.42,7751.09,3,2,7,9,1,2,6,7,2,10,4,Male,Tier 1,Online
49,53793,9.9,6,4.7,9,5,18,4,4511.94,2839.3,1,7,7,8,2,2,10,10,2,9,1,Male,Tier 2,Online
25,174389,2.8,6,1.4,5,8,14,2,21125.49,4017.02,3,1,7,4,8,7,1,4,8,6,5,Male,Tier 1,Online
41,147864,7.8,6,4.0,4,3,10,5,6717.02,12208.52,7,7,7,9,6,1,8,3,1,9,2,Male,Tier 1,Offline
43,193316,8.0,7,0.8,1,3,11,7,8163.98,15773.24,9,4,4,7,9,5,6,6,1,5,9,Male,Tier 1,Offline
46,104394,2.8,9,3.9,10,8,12,0,12627.58,2106.16,5,1,1,9,6,7,3,9,9,5,4,Male,Tier 2,Online
37,88332,4.1,11,1.4,1,9,15,2,12046.56,423.28,2,0,7,6,5,9,6,2,1,2,8,Male,Tier 2,Both
18,79394,4.1,4,4.9,10,10,17,0,11420.77,100,5,4,6,10,3,7,9,4,2,6,9,Female,Tier 2,Online
41,59660,1.9,12,2.8,7,2,6,9,2027.72,5930.21,9,6,5,9,9,7,5,10,8,7,8,Male,Tier 3,Online
44,127978,2.5,9,1.2,8,3,8,7,5001.91,10638.0,1,2,5,6,2,10,7,2,2,6,10,Female,Tier 2,Offline
27,46061,4.3,6,2.2,8,1,5,8,557.38,4907.15,5,3,2,8,1,2,9,6,2,1,7,Female,Tier 1,Both
54,79293,9.1,7,3.1,10,3,11,5,3037.89,6766.88,6,1,7,10,10,7,7,4,7,6,9,Female,Tier 2,Offline
46,87342,3.5,2,5.3,1,10,15,0,12841.19,536.89,2,3,5,9,10,1,10,9,4,8,9,Male,Tier 3,Online
52,56626,9.7,5,4.8,4,10,19,4,8097.04,100,1,5,4,3,7,1,9,6,7,5,2,Male,Tier 1,Online
52,31530,3.6,3,1.9,2,3,6,9,1754.5,3131.12,1,0,3,7,2,6,3,7,6,5,7,Male,Tier 3,Offline
33,154157,6.4,4,3.2,9,7,17,4,15922.3,6011.26,1,6,6,4,1,5,9,10,2,4,9,Male,Tier 1,Online
44,101991,1.8,11,3.3,3,6,9,5,9216.72,5882.94,9,7,1,1,8,10,5,3,1,1,8,Male,Tier 1,Both
61,69827,10.0,11,1.7,9,5,18,7,4846.97,4059.03,2,2,6,9,5,7,4,10,9,6,6,Female,Tier 2,Online
63,59503,3.5,11,5.9,6,4,6,7,4333.55,4345.33,1,7,1,1,3,7,9,8,7,9,2,Female,Tier 3,Offline
60,78350,7.1,6,5.8,7,10,19,3,11839.54,100,8,5,2,8,1,4,1,5,6,4,2,Male,Tier 2,Online
32,38028,9.8,6,0.7,8,10,23,4,5921.21,100,10,8,4,3,9,4,10,10,10,3,2,Female,Tier 3,Both
26,54029,9.4,4,5.3,5,4,13,6,3980.7,3776.59,9,7,1,7,1,6,7,7,5,2,9,Male,Tier 2,Offline
51,119486,1.4,12,1.7,5,7,9,4,12194.88,4528.42,1,3,6,7,2,4,4,3,6,5,2,Female,Tier 2,Both
45,163686,1.2,11,5.6,5,4,8,8,9730.81,11898.03,4,1,7,10,10,8,2,8,10,2,2,Male,Tier 1,Online
42,45796,9.0,12,0.9,3,1,10,8,464.03,5478.02,1,8,1,5,7,7,2,10,7,4,10,Male,Tier 3,Online
47,124223,4.9,10,3.9,6,1,3,9,1945.65,13590.26,2,3,5,3,9,5,6,7,8,10,8,Male,Tier 2,Offline
20,36306,2.1,10,2.9,6,5,7,5,3066.28,2535.34,5,5,1,9,10,3,1,4,9,9,1,Male,Tier 1,Offline
30,135145,9.2,2,2.4,8,8,17,3,15085.88,2757.54,7,5,2,2,8,1,8,4,1,4,4,Female,Tier 1,Online
33,83012,7.6,6,4.9,7,4,9,9,5051.16,5979.25,9,1,2,5,8,4,10,6,1,1,4,Female,Tier 2,Online
32,176862,3.4,3,2.4,9,4,8,7,11217.24,12000.44,3,6,6,2,6,4,5,8,4,6,6,Male,Tier 1,Online
57,101670,4.9,12,0.9,3,3,8,6,4226.0,8808.61,4,0,7,10,10,4,9,5,3,6,4,Male,Tier 3,Offline
35,134406,2.1,9,5.8,8,4,7,3,8240.33,9142.88,7,8,3,8,9,8,3,6,6,9,8,Male,Tier 2,Online
55,72552,6.7,10,4.1,4,4,13,5,4387.52,5503.34,7,2,7,6,5,9,2,3,2,5,8,Female,Tier 2,Offline
20,105275,5.6,6,2.8,8,7,11,7,10853.23,4148.28,4,4,6,2,6,2,5,9,9,9,2,Female,Tier 1,Online
24,26657,1.6,1,3.5,6,4,6,5,1573.69,1235.37,4,2,7,9,5,1,5,5,6,7,7,Female,Tier 3,Both
50,149666,7.9,3,5.3,4,4,12,5,9047.85,11305.13,8,7,3,2,6,4,7,7,4,8,8,Male,Tier 2,Offline
54,174881,2.2,12,0.6,6,6,11,7,15753.29,7715.79,5,5,5,1,10,1,3,3,6,10,10,Male,Tier 1,Offline
31,108260,4.5,9,2.6,8,2,4,13,2974.06,10131.6,9,2,1,10,8,1,3,4,2,7,5,Female,Tier 3,Offline
60,115352,1.6,1,2.5,1,3,3,11,4020.03,10453.54,7,7,6,2,7,4,3,4,5,7,8,Male,Tier 1,Online
37,97003,2.8,12,4.3,5,4,9,7,6284.71,7142.18,9,5,5,8,8,8,10,1,2,5,8,Male,Tier 2,Both
63,123854,3.7,10,5.0,3,7,13,9,12946.53,4018.59,3,1,4,1,4,3,5,9,5,2,4,Female,Tier 2,Both
53,35889,10.0,2,4.7,9,6,15,6,3270.0,1839.24,8,6,3,7,4,7,1,1,5,2,3,Female,Tier 2,Online
47,83538,5.2,2,3.5,4,8,18,7,10190.95,1799.65,2,2,3,2,9,7,3,2,1,5,3,Female,Tier 2,Online
31,147730,1.3,11,3.4,8,1,4,6,1713.86,15462.97,7,4,4,1,10,1,1,7,4,4,6,Female,Tier 1,Both
19,97851,1.3,1,2.4,4,2,4,12,3209.25,8672.64,3,0,4,9,2,6,6,9,4,10,4,Male,Tier 1,Offline
25,37846,2.9,6,2.3,1,7,12,4,4055.55,1636.81,5,5,1,2,4,7,5,10,8,2,9,Female,Tier 3,Online
24,128212,3.9,11,4.3,3,6,13,8,11011.36,5132.69,2,5,1,10,10,8,7,9,4,9,10,Male,Tier 1,Offline
57,155317,9.1,5,1.8,7,4,12,6,9023.32,11420.8,4,0,2,10,8,6,3,5,6,1,9,Male,Tier 1,Online
36,118376,1.2,12,2.3,4,4,2,6,6910.26,8262.91,4,6,5,6,3,8,1,2,8,2,4,Female,Tier 2,Offline
27,142981,2.8,2,1.5,9,4,8,8,8511.26,9953.32,4,6,2,10,4,5,5,10,8,4,5,Male,Tier 2,Both
41,93857,4.4,8,2.9,9,10,18,0,14454.72,100,7,6,7,2,5,10,9,3,9,3,5,Female,Tier 1,Online
47,57122,4.4,10,3.1,6,3,7,6,2610.05,4779.83,6,7,4,7,7,6,7,8,5,10,2,Female,Tier 2,Both
25,52829,9.4,3,1.6,7,5,15,3,3506.01,3681.58,6,0,6,7,7,4,4,8,1,6,1,Female,Tier 3,Offline
47,186895,7.1,5,1.9,10,3,13,8,7723.41,14996.29,10,1,5,4,7,3,7,5,5,9,9,Male,Tier 1,Offline
64,73950,7.8,12,5.3,2,10,21,1,11611.23,519.41,7,4,1,3,8,1,2,2,7,9,7,Female,Tier 2,Both
28,43121,4.4,12,1.2,8,3,7,7,1625.03,3509.01,3,3,3,7,8,10,2,3,2,5,2,Female,Tier 2,Offline
22,84299,1.3,4,3.1,2,1,5,10,1924.61,9128.29,2,3,5,1,7,10,9,5,8,8,6,Female,Tier 1,Both
61,177676,4.1,6,5.0,6,7,13,5,18379.3,6677.91,8,6,6,3,1,10,2,9,5,4,6,Female,Tier 1,Online
60,134013,5.3,7,4.1,1,6,15,5,12931.65,6638.53,8,3,5,8,7,10,2,6,7,8,2,Female,Tier 2,Online
30,147309,2.3,9,5.3,9,1,5,11,1972.58,16476.64,8,2,4,2,8,9,4,4,4,3,2,Female,Tier 1,Offline
63,23830,2.4,6,5.5,5,4,7,4,2140.62,1536.91,9,7,1,6,4,10,10,2,6,7,7,Male,Tier 2,Offline
32,40469,2.0,2,1.1,6,10,19,1,6427.27,255.29,7,0,3,1,10,9,4,7,7,6,6,Female,Tier 3,Both
56,97434,3.0,7,0.6,8,6,14,9,9075.69,4274.93,10,4,2,1,10,6,5,9,2,5,10,Male,Tier 2,Offline
31,84883,3.6,7,0.8,6,3,8,6,3720.57,6405.02,1,2,7,8,7,5,3,1,9,7,6,Female,Tier 2,Offline
40,119315,4.5,2,3.4,5,5,10,5,9258.33,6844.62,10,0,7,5,8,3,10,3,8,8,5,Female,Tier 2,Online
65,59337,7.6,1,2.5,10,2,6,3,2515.28,6480.76,3,0,1,6,8,3,1,2,9,6,10,Male,Tier 1,Offline
58,86029,4.6,1,1.2,7,8,14,6,10710.44,2649.25,2,7,7,7,5,8,6,1,2,2,2,Female,Tier 3,Offline
60,139076,5.6,1,3.7,10,8,15,7,16776.05,3094.73,7,4,5,3,2,6,2,9,3,7,1,Male,Tier 2,Online
52,122691,8.3,8,0.9,10,9,19,0,17157.91,1942.58,2,2,7,10,3,1,9,8,6,2,1,Female,Tier 2,Both
59,41130,1.8,5,5.2,1,2,6,8,823.55,4327.71,1,3,3,1,9,5,9,8,3,10,8,Male,Tier 2,Offline
40,99452,5.8,4,4.3,1,4,11,7,6182.34,6941.67,9,3,5,6,5,3,10,7,2,9,5,Female,Tier 2,Online
28,94166,5.1,5,4.2,3,9,18,6,12626.32,1692.24,6,8,5,3,7,3,6,7,7,1,10,Female,Tier 1,Online
25,116558,2.0,9,2.7,6,2,3,9,3350.02,11987.24,1,1,4,4,7,2,2,3,9,5,10,Male,Tier 1,Offline
40,145353,6.1,5,3.5,10,2,8,7,4829.58,13822.82,9,8,5,7,8,10,3,5,1,9,3,Female,Tier 1,Offline
54,151310,3.4,12,4.0,6,4,7,5,8559.83,11007.05,8,8,3,5,7,9,4,5,2,5,7,Male,Tier 1,Online
58,22812,1.7,4,5.7,3,10,19,4,2872.57,100,7,8,6,3,8,8,9,9,2,7,1,Female,Tier 3,Both
65,15716,7.4,12,3.4,6,4,14,7,2595.68,409.64,10,0,5,8,3,9,4,3,2,6,3,Male,Tier 3,Both
45,63710,4.4,6,5.8,6,4,11,3,4081.99,4329.12,5,3,1,10,7,4,5,9,1,8,10,Female,Tier 3,Offline
18,130881,5.1,5,2.4,1,6,14,4,11638.16,6428.73,2,8,5,3,7,2,8,1,3,5,4,Female,Tier 1,Offline
37,88107,4.9,3,3.5,5,2,9,8,2388.42,8539.93,1,5,7,4,2,4,5,1,3,7,7,Female,Tier 1,Offline
28,80490,2.8,8,5.8,5,2,3,9,2658.43,7124.62,7,8,6,7,3,2,2,1,3,3,6,Female,Tier 3,Offline
33,20115,7.1,6,2.9,10,1,5,9,200,2232.17,3,8,2,4,5,2,5,4,7,4,8,Male,Tier 3,Offline
50,100098,2.6,10,4.0,3,4,9,8,5957.09,7465.45,1,3,1,1,7,7,9,5,4,4,6,Male,Tier 2,Online
50,75977,6.8,5,1.1,6,5,15,5,5718.5,5407.9,1,0,6,6,4,5,8,5,10,2,7,Female,Tier 2,Online
49,87951,4.0,2,1.0,1,9,16,2,11290.0,1615.48,10,8,5,6,4,5,4,10,7,2,2,Male,Tier 1,Offline
56,35775,1.4,11,5.0,4,8,13,4,3854.27,752.84,4,8,6,3,1,3,4,7,9,5,9,Male,Tier 2,Offline
46,76917,7.5,7,0.9,7,9,21,2,11053.5,997.11,3,4,1,10,1,4,7,8,9,9,2,Female,Tier 3,Online
50,70351,6.1,7,2.7,5,4,11,8,4376.22,5670.57,9,7,5,9,5,5,4,5,5,9,2,Male,Tier 2,Both
52,66589,3.6,11,1.3,5,3,6,11,2759.76,5357.33,9,1,1,6,10,6,6,2,9,5,3,Male,Tier 1,Both
36,46912,9.9,11,5.0,6,4,13,5,2811.38,3448.63,10,1,6,7,5,10,9,4,8,4,6,Female,Tier 3,Offline
58,163632,8.7,7,1.4,4,7,14,8,17444.55,6031.33,3,3,5,8,3,5,1,5,3,3,7,Female,Tier 1,Online
22,98654,3.2,11,5.8,2,9,18,6,13546.86,1197.42,2,0,7,1,3,4,2,5,3,10,1,Male,Tier 1,Online
24,68316,7.6,6,5.2,2,4,14,9,4815.95,4458.57,8,2,2,1,9,5,9,2,1,1,2,Male,Tier 3,Online
44,50167,1.0,4,0.6,7,7,13,7,5422.64,2618.67,2,7,2,2,4,2,5,6,2,10,6,Female,Tier 1,Online
23,178601,1.4,3,1.5,9,6,7,4,16509.26,9053.41,5,5,1,5,8,6,5,2,1,3,3,Male,Tier 1,Online
46,148911,8.2,8,5.0,2,10,18,4,22608.09,278.74,7,5,3,8,7,8,7,10,6,3,4,Female,Tier 1,Online
49,90614,5.8,9,3.4,4,7,17,6,8661.18,3145.41,4,1,2,6,1,4,1,6,9,8,3,Female,Tier 2,Both
40,87487,8.6,3,2.1,3,9,24,2,11854.94,1799.31,3,1,6,3,7,1,7,6,1,2,10,Male,Tier 1,Online
56,134095,2.4,3,2.5,2,4,10,8,8156.68,9445.04,3,8,6,5,8,7,6,8,1,5,2,Male,Tier 2,Online
59,31471,6.4,3,3.3,1,7,17,2,3756.59,775.66,10,8,3,4,7,3,5,2,9,7,3,Male,Tier 1,Both
21,48692,4.5,12,5.9,10,2,7,6,1183.68,5203.09,3,0,7,6,7,4,5,2,2,2,6,Male,Tier 2,Both
36,53732,5.9,2,1.7,1,5,12,7,4364.55,3096.3,10,0,5,8,1,1,6,2,5,1,6,Female,Tier 1,Online
50,34157,3.8,7,4.5,3,2,3,12,434.3,3268.45,1,6,4,10,1,5,3,3,8,2,2,Female,Tier 3,Offline
61,79311,2.3,12,1.4,9,9,18,3,9860.63,851.95,3,5,3,6,10,7,1,7,4,4,10,Male,Tier 3,Online
54,76713,9.9,2,4.9,3,5,10,4,5795.39,4435.27,6,2,3,3,2,5,10,6,6,2,2,Male,Tier 3,Online
47,53809,9.9,5,4.7,8,3,17,5,1947.45,4547.98,7,2,4,6,9,10,6,6,2,7,9,Male,Tier 2,Offline
61,33270,6.6,11,0.8,4,9,22,3,4417.29,626.38,2,3,4,8,2,6,8,8,9,8,2,Female,Tier 1,Online
24,182328,9.6,7,4.7,4,7,17,6,19721.4,6553.48,8,1,3,8,1,9,3,8,3,4,6,Male,Tier 1,Offline
42,21133,9.4,6,4.8,8,4,17,8,1993.26,1343.66,3,1,2,2,5,7,2,5,8,7,9,Male,Tier 3,Online
34,44127,8.5,2,5.4,7,6,17,5,4350.0,3023.13,9,2,6,7,6,10,7,1,9,10,4,Male,Tier 2,Offline
55,100807,2.3,11,5.9,6,1,4,11,2112.19,11526.43,7,4,5,1,8,3,8,10,2,1,4,Male,Tier 2,Online
52,121500,2.5,7,1.7,4,4,10,6,8203.0,8814.13,5,8,7,2,8,8,7,7,6,6,9,Male,Tier 2,Online
39,34860,9.3,8,2.9,3,9,18,2,3995.72,941.58,7,4,6,10,2,2,2,2,1,10,7,Female,Tier 2,Online
57,141533,5.9,11,2.9,10,1,4,5,2328.49,15958.61,2,3,7,8,2,6,8,7,7,1,6,Male,Tier 2,Offline
35,135291,6.9,5,5.1,7,4,15,7,8230.36,9759.76,9,5,3,3,10,7,4,9,7,4,10,Male,Tier 2,Both
54,57182,2.2,11,2.6,3,7,14,3,5792.59,2128.77,9,1,6,10,7,5,9,3,6,4,2,Female,Tier 3,Both
18,133159,7.9,3,0.7,9,2,8,8,3852.6,11643.61,6,2,2,4,5,4,9,4,7,5,1,Male,Tier 1,Offline
27,132910,1.2,10,5.3,2,8,13,3,16194.15,3432.36,2,7,7,6,4,7,2,8,1,7,2,Female,Tier 1,Online
22,35672,7.2,7,5.4,8,3,10,8,1885.66,3463.07,1,1,3,6,8,10,10,9,1,3,9,Female,Tier 3,Offline
30,74583,1.3,1,3.3,3,4,7,6,4566.79,5718.67,3,4,3,8,4,2,6,9,5,8,8,Female,Tier 3,Online
43,140894,2.7,3,1.6,5,7,15,7,14537.37,4946.3,8,6,4,7,10,5,6,10,2,10,7,Female,Tier 2,Online
40,89719,9.1,2,3.0,1,9,20,5,11298.47,579.04,9,5,4,1,2,3,6,7,3,6,4,Female,Tier 1,Both
41,89380,2.3,6,1.2,6,1,3,7,939.25,9508.11,2,6,3,10,4,9,4,2,9,5,10,Male,Tier 1,Offline
59,75279,7.1,7,2.2,6,4,12,10,2995.04,5430.41,2,7,2,10,6,10,7,4,10,1,5,Male,Tier 2,Offline
54,149493,1.0,8,2.1,7,1,5,6,2940.15,16285.28,2,6,6,5,5,6,6,7,2,9,6,Male,Tier 2,Online
43,59117,7.3,8,3.2,2,6,15,5,5472.39,3575.06,6,6,2,3,2,4,6,9,1,1,5,Female,Tier 2,Online
37,38785,3.4,12,3.9,7,5,8,2,2690.12,2225.89,3,6,6,8,2,9,9,4,10,8,8,Male,Tier 1,Online
64,108249,3.0,5,4.7,2,6,7,4,9303.37,4646.47,2,1,4,1,4,1,4,8,7,4,8,Female,Tier 1,Online
55,155771,5.7,6,4.7,5,8,14,1,18900.4,3868.61,7,7,7,10,9,4,7,4,2,5,7,Male,Tier 1,Both
54,104984,1.9,8,5.3,2,4,9,7,6239.28,8011.25,6,4,1,9,2,6,7,4,3,7,9,Male,Tier 2,Offline
21,77847,3.5,2,0.8,7,7,13,6,8352.63,3090.38,9,6,1,1,4,2,4,2,1,1,10,Female,Tier 2,Online
52,43214,3.5,10,4.3,7,7,12,5,4881.68,1007.35,3,3,3,5,10,5,1,2,3,9,10,Female,Tier 1,Online
62,51276,2.5,11,0.9,3,6,11,5,5180.3,2497.52,3,4,1,3,1,10,6,8,10,1,8,Female,Tier 2,Online
20,127338,1.2,11,5.9,4,9,11,3,17226.9,1346.75,6,7,4,6,9,5,8,5,6,8,1,Male,Tier 2,Both
39,177882,5.7,11,5.2,10,8,18,6,21331.88,4188.07,4,2,3,8,1,4,10,7,6,4,2,Female,Tier 1,Both
42,77790,2.0,5,5.3,9,8,17,4,9833.61,2649.56,6,6,5,7,5,5,4,1,10,9,6,Male,Tier 3,Online
47,94273,9.7,6,2.1,1,8,20,3,11056.86,1820.86,9,2,3,8,5,2,5,1,8,1,4,Male,Tier 2,Online
25,20229,5.4,1,2.9,1,1,5,11,200,2959.27,9,2,1,5,3,4,7,10,2,5,4,Female,Tier 3,Offline
40,52601,8.3,11,2.6,7,2,13,5,1325.14,4908.38,6,2,6,4,5,3,7,9,4,5,5,Male,Tier 2,Offline
58,104577,5.9,7,4.8,7,2,9,10,2684.93,10901.43,8,5,4,8,7,7,8,1,9,1,7,Male,Tier 1,Offline
57,104146,3.7,4,3.7,6,3,4,4,4805.9,8656.1,3,6,6,1,8,9,8,1,2,1,5,Male,Tier 3,Both
24,166052,3.6,8,4.3,1,2,5,5,4970.54,15809.25,3,8,6,8,3,4,3,5,5,1,8,Male,Tier 1,Offline
18,52072,6.4,2,3.4,4,4,11,7,2626.92,3734.67,5,6,4,3,4,9,5,10,8,10,2,Male,Tier 1,Both
19,57489,2.3,12,4.1,3,9,15,1,7351.8,739.28,10,7,3,5,7,7,2,8,7,7,3,Female,Tier 1,Online
25,122137,4.5,10,2.2,10,8,19,5,15202.83,2827.21,5,0,2,6,9,9,4,6,9,7,9,Male,Tier 1,Offline
27,85954,6.9,10,2.4,3,5,13,3,6613.19,5087.7,8,6,4,10,3,10,9,9,5,3,6,Male,Tier 1,Both
43,28856,1.4,12,1.4,2,2,1,8,703.67,3029.94,4,1,2,7,7,2,1,10,5,2,1,Female,Tier 2,Offline
41,99499,6.7,1,5.6,6,2,7,6,3636.37,9515.4,5,7,4,5,4,4,3,7,9,4,2,Male,Tier 2,Offline
60,32609,2.8,3,5.4,6,7,9,3,3015.34,1683.96,9,7,2,4,10,8,9,6,6,10,9,Male,Tier 2,Both
46,57025,6.6,2,3.6,3,9,18,4,7780.96,1222.86,4,4,7,5,7,6,2,3,5,2,9,Male,Tier 3,Online
57,64156,3.8,10,0.8,2,10,13,3,9613.29,100,5,3,3,1,3,4,9,6,1,4,8,Male,Tier 3,Online
54,103898,6.5,1,2.4,2,7,13,3,11462.96,3985.99,5,0,1,1,8,9,4,6,7,8,5,Male,Tier 3,Both
21,30490,8.0,4,3.4,7,1,7,9,533.19,2679.11,7,8,2,2,8,2,10,6,6,4,6,Male,Tier 1,Offline
33,37809,1.8,1,1.7,9,10,19,4,5936.53,100,1,2,4,3,5,1,6,6,10,4,5,Female,Tier 3,Online
48,106190,2.1,2,0.9,9,4,4,7,5680.04,8340.88,5,5,7,9,5,4,9,5,6,9,9,Male,Tier 2,Online
44,146212,9.6,8,2.0,4,3,13,5,6364.85,12759.45,3,0,2,8,8,2,1,8,1,5,5,Male,Tier 1,Online
23,36175,3.5,10,2.6,1,7,12,5,3886.04,1547.9,1,4,1,9,6,1,10,6,5,10,4,Female,Tier 1,Online
57,99963,8.8,12,5.6,1,2,5,6,3374.01,9460.89,9,7,4,10,10,9,5,3,7,8,4,Male,Tier 1,Both
35,93602,7.1,5,1.0,4,9,18,6,13024.91,1200.16,5,0,1,5,10,6,5,3,8,8,1,Male,Tier 3,Online
20,190580,4.2,11,5.1,4,7,18,6,19897.36,7402.48,2,7,2,5,5,5,8,3,4,3,3,Female,Tier 1,Online
59,32559,2.7,9,5.2,10,6,14,6,3664.95,1799.0,5,0,6,6,9,1,10,4,6,2,2,Male,Tier 1,Online
22,66379,2.8,10,2.5,7,2,2,5,2268.08,6650.77,6,6,6,6,8,5,10,1,3,6,1,Female,Tier 1,Offline
55,17509,2.0,4,4.9,9,9,15,0,2817.32,100,3,6,7,2,2,4,10,9,10,9,7,Female,Tier 3,Online
51,93466,1.5,8,4.1,9,8,12,5,10236.6,1842.48,6,3,4,6,2,4,8,7,6,2,6,Male,Tier 3,Online
59,62594,6.4,8,4.8,4,10,22,0,9723.82,100,10,2,5,5,5,6,6,2,2,7,7,Male,Tier 3,Both
58,135532,8.0,3,5.3,1,3,12,8,5012.62,11074.4,3,0,7,7,1,3,2,3,9,9,7,Male,Tier 2,Offline
43,144751,6.0,12,2.1,6,6,11,4,13179.63,6943.56,6,7,4,8,7,5,8,3,3,10,9,Female,Tier 1,Both
18,127137,6.3,11,4.1,7,6,11,6,10418.59,5596.57,5,7,3,1,10,9,9,10,9,7,5,Male,Tier 1,Online
29,188471,2.3,12,5.4,4,7,9,4,19618.23,6663.46,2,4,3,8,8,4,3,5,5,10,2,Female,Tier 1,Online
27,32579,2.9,9,4.7,1,10,21,0,4019.09,100,1,5,2,5,10,7,8,9,3,8,5,Male,Tier 2,Online
25,78249,9.0,8,1.9,3,5,14,5,5745.59,4824.02,2,5,2,9,6,5,8,9,2,6,1,Male,Tier 2,Both
63,161326,5.7,4,5.1,1,1,6,11,2664.69,17220.13,8,2,4,3,8,5,3,4,2,9,4,Female,Tier 1,Offline
49,93103,6.5,12,1.5,7,5,10,4,7027.12,5954.9,3,4,7,4,5,8,8,7,10,6,9,Male,Tier 2,Offline
32,45146,9.7,5,2.8,8,6,16,7,4622.77,3062.22,6,6,6,3,8,8,10,7,4,1,5,Female,Tier 1,Offline
44,27969,6.1,6,1.9,6,7,13,6,2049.55,1531.6,4,5,6,1,5,8,7,4,10,3,9,Female,Tier 2,Online
25,108180,9.7,10,2.3,10,9,24,4,14674.63,1133.53,6,8,1,1,9,4,6,9,4,3,9,Male,Tier 3,Offline
